-- ============================================================
-- Huế Travel — Seed Dữ Liệu Thực Tế
-- Tất cả địa điểm, trải nghiệm, sự kiện đều là thực ở Huế
-- ============================================================

-- ============================================================
-- 1. USERS (1 admin + 4 guides + 3 travelers)
-- ============================================================
INSERT INTO users (id, phone, email, full_name, role, bio, avatar_url, is_verified, is_active, xp, level, languages, password_hash) VALUES
('00000000-0000-0000-0000-000000000001', '+84901000000', 'admin@huetravel.vn', 'Admin Huế Travel', 'admin', 'Quản trị hệ thống Huế Travel', NULL, true, true, 9999, 'Admin', ARRAY['vi','en'], '$2y$10$ZYHSdrIkmkz64nDIAJSHlu7NyhsC41eqVaxd4ViSmOWRO835nx4Ga'),
('a1111111-1111-1111-1111-111111111111', '+84900001111', 'minh.nguyen@hue.vn', 'Nguyễn Văn Minh', 'guide', 'Hướng dẫn viên 10 năm kinh nghiệm. Tốt nghiệp khoa Lịch sử, ĐH Khoa học Huế. Chuyên tour di sản văn hóa: Đại Nội, lăng tẩm, chùa chiền. Nói tiếng Anh, Pháp.', 'https://images.unsplash.com/photo-1507003211169-0a1dd7228f2d?w=200', true, true, 2500, 'Bậc thầy', ARRAY['vi','en','fr'], '$2y$10$ZYHSdrIkmkz64nDIAJSHlu7NyhsC41eqVaxd4ViSmOWRO835nx4Ga'),
('a2222222-2222-2222-2222-222222222222', '+84900002222', 'lan.tran@hue.vn', 'Trần Thị Lan', 'guide', 'Foodie chính hiệu, 8 năm dẫn food tour Huế. Sinh ra tại Huế, biết rõ mọi ngóc ngách ẩm thực cố đô. Nói tiếng Anh, Hàn Quốc.', 'https://images.unsplash.com/photo-1438761681033-6461ffad8d80?w=200', true, true, 1800, 'Chuyên gia', ARRAY['vi','en','ko'], '$2y$10$ZYHSdrIkmkz64nDIAJSHlu7NyhsC41eqVaxd4ViSmOWRO835nx4Ga'),
('a3333333-3333-3333-3333-333333333333', '+84900003333', 'hoa.le@hue.vn', 'Lê Hương Hoa', 'guide', 'Yêu thiên nhiên, 5 năm kinh nghiệm trekking và kayak. Chuyên sinh thái sông Hương, VQG Bạch Mã, và đạp xe làng quê Huế.', 'https://images.unsplash.com/photo-1494790108755-2616b612b786?w=200', true, true, 1200, 'Chuyên gia', ARRAY['vi','en'], '$2y$10$ZYHSdrIkmkz64nDIAJSHlu7NyhsC41eqVaxd4ViSmOWRO835nx4Ga'),
('a4444444-4444-4444-4444-444444444444', '+84900004444', 'dung.hoang@hue.vn', 'Hoàng Dũng', 'guide', '12 năm kinh nghiệm, chuyên Nhã nhạc cung đình và nghệ thuật truyền thống Huế. Biết về thơ ca, tuồng, ca Huế. Nói tiếng Nhật.', 'https://images.unsplash.com/photo-1472099645785-5658abf4ff4e?w=200', true, true, 3200, 'Bậc thầy', ARRAY['vi','en','ja'], '$2y$10$ZYHSdrIkmkz64nDIAJSHlu7NyhsC41eqVaxd4ViSmOWRO835nx4Ga'),
('b1111111-1111-1111-1111-111111111111', '+84934567890', 'linh.pham@gmail.com', 'Phạm Linh Chi', 'traveler', 'Foodie Sài Gòn, yêu di sản và ẩm thực Huế. Đã đến Huế 4 lần, lần nào cũng khám phá thêm quán mới.', 'https://images.unsplash.com/photo-1534528741775-53994a69daeb?w=200', false, true, 650, 'Khám phá', ARRAY['vi'], '$2y$10$ZYHSdrIkmkz64nDIAJSHlu7NyhsC41eqVaxd4ViSmOWRO835nx4Ga'),
('b2222222-2222-2222-2222-222222222222', '+84945678901', 'tuan.hoang@gmail.com', 'Hoàng Minh Tuấn', 'traveler', 'Kỹ sư IT Hà Nội. Thích chụp ảnh phong cảnh, mê lịch sử triều Nguyễn.', 'https://images.unsplash.com/photo-1500648767791-00dcc994a43e?w=200', false, true, 280, 'Khám phá', ARRAY['vi','en'], '$2y$10$ZYHSdrIkmkz64nDIAJSHlu7NyhsC41eqVaxd4ViSmOWRO835nx4Ga'),
('b3333333-3333-3333-3333-333333333333', '+84956789012', 'mai.nguyen@gmail.com', 'Nguyễn Thị Mai', 'traveler', 'Travel blogger, yêu chụp ảnh và khám phá văn hóa. 50K followers trên Instagram.', 'https://images.unsplash.com/photo-1544005313-94ddf0286df2?w=200', false, true, 920, 'Khám phá', ARRAY['vi','en'], '$2y$10$ZYHSdrIkmkz64nDIAJSHlu7NyhsC41eqVaxd4ViSmOWRO835nx4Ga');

-- ============================================================
-- 2. GUIDE PROFILES
-- ============================================================
INSERT INTO guide_profiles (user_id, specialties, experience_years, avg_rating, total_reviews, total_tours, is_approved, is_available, badge_level, response_time_mins, acceptance_rate) VALUES
('a1111111-1111-1111-1111-111111111111', ARRAY['Di sản văn hóa','Kiến trúc cung đình','Lịch sử triều Nguyễn','Phật giáo Huế'], 10, 4.90, 423, 856, true, true, 'gold', 15, 97.5),
('a2222222-2222-2222-2222-222222222222', ARRAY['Ẩm thực đường phố','Food tour','Nấu ăn cung đình','Chợ truyền thống'], 8, 4.85, 312, 580, true, true, 'gold', 20, 95.0),
('a3333333-3333-3333-3333-333333333333', ARRAY['Sinh thái','Trekking','Kayak','Đạp xe','Sông Hương'], 5, 4.72, 178, 312, true, true, 'silver', 30, 92.0),
('a4444444-4444-4444-4444-444444444444', ARRAY['Nhã nhạc cung đình','Nghệ thuật truyền thống','Văn hóa phi vật thể','Thơ ca Huế'], 12, 4.95, 687, 1245, true, true, 'platinum', 10, 99.0);

-- ============================================================
-- 3. PLACES — Địa điểm thật tại Huế
-- ============================================================
INSERT INTO places (name, name_en, slug, description, category, lat, lng, address, image_urls, tags, rating, rating_count) VALUES
('Đại Nội Huế', 'Hue Imperial Citadel', 'dai-noi-hue', 'Kinh thành Huế — Di sản văn hóa thế giới UNESCO. Quần thể cung điện rộng 520 ha, bao gồm Hoàng Thành, Tử Cấm Thành và nhiều công trình kiến trúc độc đáo của triều Nguyễn.', 'sightseeing', 16.4698, 107.5789, '141 Đặng Trần Côn, Thuận Thành, TP Huế', ARRAY['https://images.unsplash.com/photo-1559592413-7cec4d0cae2b?w=800'], ARRAY['di sản','UNESCO','cung đình','triều Nguyễn'], 4.80, 3256),
('Chùa Thiên Mụ', 'Thien Mu Pagoda', 'chua-thien-mu', 'Ngôi chùa cổ 400 năm bên bờ sông Hương, tháp Phước Duyên 7 tầng — biểu tượng tinh thần của cố đô Huế. Được xây dựng năm 1601 dưới thời chúa Nguyễn Hoàng.', 'sightseeing', 16.4539, 107.5532, 'Hà Khê, Kim Long, TP Huế', ARRAY['https://images.unsplash.com/photo-1583417319070-4a69db38a482?w=800'], ARRAY['chùa','sông Hương','tháp','tâm linh'], 4.70, 2890),
('Lăng Khải Định', 'Khai Dinh Tomb', 'lang-khai-dinh', 'Lăng tẩm kiến trúc Đông-Tây kết hợp độc đáo nhất Huế. Nổi tiếng với mosaic thủy tinh và sứ vỡ tinh xảo bên trong điện Khải Thành.', 'sightseeing', 16.4107, 107.5798, 'Khải Định, Thủy Bằng, Hương Thủy', ARRAY['https://images.unsplash.com/photo-1571536802807-30451e3955d8?w=800'], ARRAY['lăng tẩm','kiến trúc','triều Nguyễn'], 4.85, 1678),
('Lăng Tự Đức', 'Tu Duc Tomb', 'lang-tu-duc', 'Lăng mộ thơ mộng nhất trong hệ thống lăng tẩm Huế. Hồ Lưu Khiêm với hoa súng, nhà Xung Khiêm Tạ — nơi vua làm thơ và câu cá.', 'sightseeing', 16.4582, 107.5619, 'Thủy Xuân, TP Huế', ARRAY['https://images.unsplash.com/photo-1583418855671-88c9c87efcf9?w=800'], ARRAY['lăng tẩm','vườn','thi ca'], 4.75, 1456),
('Lăng Minh Mạng', 'Minh Mang Tomb', 'lang-minh-mang', 'Lăng tẩm hài hòa nhất về phong thủy. Cầu Trung Đạo, hồ Trừng Minh, Minh Lâu đối xứng hoàn hảo — tuyệt tác kiến trúc phong thủy.', 'sightseeing', 16.4470, 107.5450, 'Hương Thọ, TP Huế', ARRAY['https://images.unsplash.com/photo-1571536802807-30451e3955d8?w=800'], ARRAY['lăng tẩm','phong thủy','kiến trúc'], 4.78, 1234),
('Cầu Trường Tiền', 'Truong Tien Bridge', 'cau-truong-tien', 'Biểu tượng lãng mạn của Huế. 6 nhịp cầu đèn LED đổi màu đẹp lung linh về đêm, nối phố cổ với trung tâm thành phố, bắc qua sông Hương.', 'sightseeing', 16.4650, 107.5870, 'Trường Tiền, Phú Hội, TP Huế', ARRAY['https://images.unsplash.com/photo-1583418855671-88c9c87efcf9?w=800'], ARRAY['cầu','biểu tượng','đêm','sông Hương'], 4.80, 4200),
('Chợ Đông Ba', 'Dong Ba Market', 'cho-dong-ba', 'Chợ truyền thống lớn nhất Huế, thiên đường ẩm thực và mua sắm. Nổi tiếng với bánh bèo, nem lụi, mè xửng, nón bài thơ.', 'food', 16.4697, 107.5927, 'Trần Hưng Đạo, Phú Hòa, TP Huế', ARRAY['https://images.unsplash.com/photo-1555126634-323283e090fa?w=800'], ARRAY['chợ','ẩm thực','mua sắm','street food'], 4.50, 2543),
('Bún Bò Bà Tuyết', 'Ba Tuyet Bun Bo', 'bun-bo-ba-tuyet', 'Quán bún bò nổi tiếng nhất Huế, hoạt động hơn 30 năm. Nước dùng đậm đà, sợi bún to, giò heo mềm. Mở từ 5h sáng, hết hàng trước trưa.', 'food', 16.4645, 107.5875, '47 Phạm Hồng Thái, Phú Hội, TP Huế', ARRAY['https://images.unsplash.com/photo-1504674900247-0877df9cc836?w=800'], ARRAY['bún bò','ẩm thực','nổi tiếng'], 4.60, 1890),
('Đồi Vọng Cảnh', 'Vong Canh Hill', 'doi-vong-canh', 'Ngắm toàn cảnh sông Hương và thành phố Huế từ trên cao. Điểm check-in hoàng hôn tuyệt đẹp, không gian yên bình giữa rừng thông.', 'sightseeing', 16.4380, 107.5670, 'Thủy Biều, TP Huế', ARRAY['https://images.unsplash.com/photo-1472745433479-4556f22e32c2?w=800'], ARRAY['đồi','view','sông Hương','hoàng hôn'], 4.70, 1456),
('Biển Thuận An', 'Thuan An Beach', 'bien-thuan-an', 'Bãi biển gần Huế nhất (15km). Cát trắng, nước trong, hải sản tươi sống. Lý tưởng cho hoàng hôn và seafood đêm.', 'sightseeing', 16.5580, 107.6350, 'Thuận An, Phú Vang, TT-Huế', ARRAY['https://images.unsplash.com/photo-1507525428034-b723cf961d3e?w=800'], ARRAY['biển','hoàng hôn','hải sản'], 4.40, 987),
('Nhà Vườn Kim Long', 'Kim Long Garden Houses', 'nha-vuon-kim-long', 'Khu nhà vườn truyền thống Huế, không gian yên bình với kiến trúc nhà rường cổ, vườn cây xanh mát. Nơi trải nghiệm văn hóa sống chậm.', 'sightseeing', 16.4555, 107.5695, 'Kim Long, TP Huế', ARRAY['https://images.unsplash.com/photo-1558618666-fcd25c85f82e?w=800'], ARRAY['nhà vườn','truyền thống','văn hóa'], 4.65, 678),
('Phố Đi Bộ Nguyễn Đình Chiểu', 'Nguyen Dinh Chieu Walking Street', 'pho-di-bo-nguyen-dinh-chieu', 'Con phố sống động nhất Huế về đêm. Ẩm thực đường phố, quán cà phê, âm nhạc live, bán đồ handmade.', 'sightseeing', 16.4620, 107.5890, 'Nguyễn Đình Chiểu, TP Huế', ARRAY['https://images.unsplash.com/photo-1555126634-323283e090fa?w=800'], ARRAY['phố đi bộ','đêm','ẩm thực','nightlife'], 4.55, 1876);

-- ============================================================
-- 4. EXPERIENCES — Trải nghiệm thật tại Huế
-- ============================================================
INSERT INTO experiences (id, guide_id, title, slug, description, category, duration_mins, price, max_guests, meeting_point, meeting_lat, meeting_lng, image_urls, highlights, includes, is_active, is_instant, rating, rating_count) VALUES
('d1111111-1111-1111-1111-111111111111', 'a1111111-1111-1111-1111-111111111111', 'Khám phá Đại Nội Huế — Di sản UNESCO', 'kham-pha-dai-noi-hue', 'Chuyến tham quan Đại Nội Huế kéo dài 3 giờ. Bước qua Ngọ Môn, chiêm ngưỡng Điện Thái Hòa — nơi làm lễ đăng quang của 13 vị vua Nguyễn. Khám phá Tử Cấm Thành bí ẩn và Thế Miếu uy nghiêm.', 'sightseeing', 180, 350000, 8, 'Cổng Ngọ Môn, Đại Nội Huế', 16.4698, 107.5789, ARRAY['https://images.unsplash.com/photo-1559592413-7cec4d0cae2b?w=800','https://images.unsplash.com/photo-1583417319070-4a69db38a482?w=800'], ARRAY['Ngọ Môn','Điện Thái Hòa','Tử Cấm Thành','Thế Miếu','Hiển Lâm Các'], ARRAY['Vé vào cổng','Hướng dẫn viên','Nước uống','Nón lá'], true, true, 4.90, 423),
('d2222222-2222-2222-2222-222222222222', 'a1111111-1111-1111-1111-111111111111', 'Tour Lăng Tẩm Hoàng Gia — Khải Định & Tự Đức', 'tour-lang-tam-hoang-gia', 'Tham quan hai lăng tẩm đẹp nhất Huế: Lăng Khải Định với kiến trúc Đông-Tây kết hợp, mosaic tinh xảo. Và Lăng Tự Đức thơ mộng bên hồ Lưu Khiêm — nơi vua làm thơ và câu cá.', 'sightseeing', 240, 500000, 6, 'Lăng Khải Định, Huế', 16.4107, 107.5798, ARRAY['https://images.unsplash.com/photo-1571536802807-30451e3955d8?w=800'], ARRAY['Lăng Khải Định','Lăng Tự Đức','Hồ Lưu Khiêm','Kiến trúc cung đình'], ARRAY['Vé tham quan','Hướng dẫn viên','Xe đưa đón','Nước uống'], true, false, 4.85, 312),
('d3333333-3333-3333-3333-333333333333', 'a2222222-2222-2222-2222-222222222222', 'Food Tour Ẩm Thực Đường Phố Huế', 'food-tour-am-thuc-duong-pho-hue', '4 giờ khám phá 8 món ăn đặc sắc nhất Huế: bún bò Bà Tuyết, cơm hến đường Chi Lăng, bánh bèo/nậm/lọc Huyền Anh, chè Huế hẻm Hùng Vương, nem lụi chợ Đông Ba.', 'food', 240, 400000, 6, 'Chợ Đông Ba, Huế', 16.4697, 107.5927, ARRAY['https://images.unsplash.com/photo-1555126634-323283e090fa?w=800','https://images.unsplash.com/photo-1504674900247-0877df9cc836?w=800'], ARRAY['Bún bò Huế','Cơm hến','Bánh bèo/nậm/lọc','Chè Huế','Nem lụi'], ARRAY['8 món ăn','Hướng dẫn viên','Nước uống','Bảo hiểm'], true, true, 4.92, 580),
('d4444444-4444-4444-4444-444444444444', 'a2222222-2222-2222-2222-222222222222', 'Workshop Nấu Ăn Cung Đình Huế', 'workshop-nau-an-cung-dinh', 'Học nấu 3 món ẩm thực cung đình: bánh bèo chén, nem công chúa, chè hạt sen long nhãn. Bắt đầu bằng đi chợ truyền thống, nấu bếp trong nhà vườn truyền thống.', 'food', 300, 600000, 4, 'Nhà vườn Kim Long, Huế', 16.4555, 107.5695, ARRAY['https://images.unsplash.com/photo-1556910103-1c02745aae4d?w=800'], ARRAY['Chợ truyền thống','Học nấu ăn','Ẩm thực cung đình','Thưởng thức'], ARRAY['Nguyên liệu','Chef hướng dẫn','Tạp dề','Công thức'], true, false, 4.78, 178),
('d5555555-5555-5555-5555-555555555555', 'a3333333-3333-3333-3333-333333333333', 'Sunset Kayak Sông Hương', 'sunset-kayak-song-huong', 'Chèo kayak sông Hương lúc hoàng hôn. Xuất phát từ bến thuyền Tòa Khâm, ngắm Cầu Trường Tiền đổi màu LED, Chùa Thiên Mụ lung linh trong ánh chiều tà.', 'experience', 150, 280000, 8, 'Bến thuyền Tòa Khâm, Huế', 16.4620, 107.5850, ARRAY['https://images.unsplash.com/photo-1544551763-46a013bb70d5?w=800','https://images.unsplash.com/photo-1472745433479-4556f22e32c2?w=800'], ARRAY['Kayak sông Hương','Hoàng hôn','Cầu Trường Tiền','Chùa Thiên Mụ'], ARRAY['Kayak + áo phao','Hướng dẫn viên','Nước uống','Ảnh chụp'], true, true, 4.82, 245),
('d6666666-6666-6666-6666-666666666666', 'a3333333-3333-3333-3333-333333333333', 'Trekking Vườn Quốc Gia Bạch Mã', 'trekking-bach-ma', 'Một ngày trekking VQG Bạch Mã — đỉnh núi 1450m, thác Đỗ Quyên hùng vĩ, view biển Thừa Thiên từ trên cao. Khí hậu mát mẻ quanh năm.', 'experience', 480, 750000, 6, 'Cổng VQG Bạch Mã', 16.2020, 107.8543, ARRAY['https://images.unsplash.com/photo-1551632811-561732d1e306?w=800'], ARRAY['Jungle trekking','Thác Đỗ Quyên','Đỉnh 1450m','View biển'], ARRAY['Hướng dẫn viên','Vé vào cổng','Bữa trưa','Nước uống','Bảo hiểm'], true, false, 4.68, 134),
('d7777777-7777-7777-7777-777777777777', 'a4444444-4444-4444-4444-444444444444', 'Đêm Nhạc Cung Đình trên Sông Hương', 'dem-nhac-cung-dinh-song-huong', 'Thưởng thức Nhã nhạc UNESCO trên thuyền Rồng lướt sông Hương. Biểu diễn nhạc cụ cung đình sống, uống trà sen Tịnh Tâm, ăn bánh Huế.', 'experience', 120, 450000, 12, 'Bến Thuyền Rồng, Lê Lợi', 16.4612, 107.5869, ARRAY['https://images.unsplash.com/photo-1514320291840-2e0a9bf2a9ae?w=800'], ARRAY['Nhã nhạc UNESCO','Thuyền Rồng','Trà cung đình','Biểu diễn sống'], ARRAY['Vé thuyền','Biểu diễn','Trà + bánh','Audio guide'], true, true, 4.95, 687),
('d8888888-8888-8888-8888-888888888888', 'a2222222-2222-2222-2222-222222222222', 'Đạp Xe Làng Cổ Phước Tích', 'dap-xe-lang-co-phuoc-tich', 'Đạp xe 20km khám phá làng cổ 500 tuổi Phước Tích — nhà rường cổ, nghề gốm truyền thống 500 năm. Di tích Quốc gia đặc biệt.', 'tour', 300, 350000, 8, 'Làng cổ Phước Tích, Phong Điền', 16.5800, 107.3400, ARRAY['https://images.unsplash.com/photo-1558618666-fcd25c85f82e?w=800'], ARRAY['Làng cổ 500 tuổi','Nhà rường','Nghề gốm','Ẩm thực làng'], ARRAY['Xe đạp + mũ','Hướng dẫn viên','Bữa trưa','Nước uống'], true, false, 4.75, 198),
('d9999999-9999-9999-9999-999999999999', 'a1111111-1111-1111-1111-111111111111', 'Tour Hoàng Hôn Sông Hương — Xe Đạp & Thuyền', 'tour-hoang-hon-song-huong', 'Đạp xe bờ Bắc sông Hương qua Chùa Thiên Mụ, nhà vườn Kim Long. Sau đó lên thuyền ngắm hoàng hôn, qua Cầu Trường Tiền lung linh.', 'tour', 210, 320000, 6, 'Nhà vườn Kim Long', 16.4555, 107.5695, ARRAY['https://images.unsplash.com/photo-1472745433479-4556f22e32c2?w=800'], ARRAY['Đạp xe bờ Bắc','Chùa Thiên Mụ','Hoàng hôn thuyền','Cầu Trường Tiền'], ARRAY['Xe đạp','Thuyền','Hướng dẫn viên','Trà + bánh Huế'], true, true, 4.88, 167),
('da101010-1010-1010-1010-101010101010', 'a4444444-4444-4444-4444-444444444444', 'Trải Nghiệm Áo Dài & Chụp Ảnh Đại Nội', 'trai-nghiem-ao-dai-chup-anh', 'Mặc áo dài cung đình, chụp ảnh tại các điểm iconic trong Đại Nội: Ngọ Môn, Điện Thái Hòa, Tử Cấm Thành. Nhiếp ảnh gia chuyên nghiệp.', 'experience', 150, 500000, 4, 'Cổng Ngọ Môn, Đại Nội', 16.4698, 107.5789, ARRAY['https://images.unsplash.com/photo-1559592413-7cec4d0cae2b?w=800'], ARRAY['Áo dài cung đình','Chụp ảnh chuyên nghiệp','Đại Nội','Makeup'], ARRAY['Áo dài','Nhiếp ảnh gia','Vé Đại Nội','30 ảnh edited'], true, true, 4.91, 234);

-- ============================================================
-- 5. BOOKINGS — Đặt chỗ mẫu
-- ============================================================
INSERT INTO bookings (id, booking_code, traveler_id, experience_id, guide_id, booking_date, start_time, guest_count, unit_price, total_price, service_fee, status, confirmed_at, completed_at, payment_method) VALUES
('e1111111-1111-1111-1111-111111111111', 'HT-260301', 'b1111111-1111-1111-1111-111111111111', 'd3333333-3333-3333-3333-333333333333', 'a2222222-2222-2222-2222-222222222222', '2026-03-01', '09:00', 2, 400000, 800000, 40000, 'completed', '2026-02-28 10:00:00+07', '2026-03-01 13:00:00+07', 'momo'),
('e2222222-2222-2222-2222-222222222222', 'HT-260305', 'b2222222-2222-2222-2222-222222222222', 'd1111111-1111-1111-1111-111111111111', 'a1111111-1111-1111-1111-111111111111', '2026-03-05', '08:30', 3, 350000, 1050000, 52500, 'completed', '2026-03-04 14:00:00+07', '2026-03-05 11:30:00+07', 'vnpay'),
('e3333333-3333-3333-3333-333333333333', 'HT-260310', 'b3333333-3333-3333-3333-333333333333', 'd7777777-7777-7777-7777-777777777777', 'a4444444-4444-4444-4444-444444444444', '2026-03-20', '19:00', 4, 450000, 1800000, 90000, 'confirmed', '2026-03-18 09:00:00+07', NULL, 'momo'),
('e4444444-4444-4444-4444-444444444444', 'HT-260228', 'b1111111-1111-1111-1111-111111111111', 'd5555555-5555-5555-5555-555555555555', 'a3333333-3333-3333-3333-333333333333', '2026-02-28', '16:30', 2, 280000, 560000, 28000, 'completed', '2026-02-27 12:00:00+07', '2026-02-28 19:00:00+07', 'zalopay'),
('e5555555-5555-5555-5555-555555555555', 'HT-260325', 'b2222222-2222-2222-2222-222222222222', 'd4444444-4444-4444-4444-444444444444', 'a2222222-2222-2222-2222-222222222222', '2026-03-25', '09:00', 2, 600000, 1200000, 60000, 'pending', NULL, NULL, NULL),
('e6666666-6666-6666-6666-666666666666', 'HT-260315', 'b3333333-3333-3333-3333-333333333333', 'da101010-1010-1010-1010-101010101010', 'a4444444-4444-4444-4444-444444444444', '2026-03-15', '07:00', 2, 500000, 1000000, 50000, 'completed', '2026-03-14 08:00:00+07', '2026-03-15 09:30:00+07', 'momo');

-- ============================================================
-- 6. REVIEWS — Đánh giá thực
-- ============================================================
INSERT INTO reviews (booking_id, traveler_id, experience_id, overall_rating, guide_rating, value_rating, comment, is_featured) VALUES
('e1111111-1111-1111-1111-111111111111', 'b1111111-1111-1111-1111-111111111111', 'd3333333-3333-3333-3333-333333333333', 5.0, 5.0, 4.5, 'Tuyệt vời! Chị Lan rất nhiệt tình, dẫn đi ăn 8 quán local mà chỉ người Huế mới biết. Bún bò Bà Tuyết và chè Huế hẻm là top 1! Sẽ đăng ký food tour lại lần tới.', true),
('e2222222-2222-2222-2222-222222222222', 'b2222222-2222-2222-2222-222222222222', 'd1111111-1111-1111-1111-111111111111', 4.5, 5.0, 4.0, 'Anh Minh kể chuyện lịch sử rất hấp dẫn! Những câu chuyện về Tử Cấm Thành mà sách không ghi, về vua Thành Thái và cuộc cách mạng... Đáng đồng tiền bát gạo!', true),
('e4444444-4444-4444-4444-444444444444', 'b1111111-1111-1111-1111-111111111111', 'd5555555-5555-5555-5555-555555555555', 4.5, 4.5, 5.0, 'Chèo kayak sông Hương lúc hoàng hôn đẹp tuyệt vời! Cầu Trường Tiền lung linh, Chùa Thiên Mụ huyền bí. Giá cả hợp lý, đề xuất 100%!', false),
('e6666666-6666-6666-6666-666666666666', 'b3333333-3333-3333-3333-333333333333', 'da101010-1010-1010-1010-101010101010', 5.0, 5.0, 5.0, 'Trải nghiệm mặc áo dài chụp ảnh trong Đại Nội tuyệt vời! Nhiếp ảnh gia rất chuyên nghiệp, biết đúng góc đẹp. 30 ảnh nhận được đều lung linh. Must try!', true);

-- ============================================================
-- 7. BLOG POSTS — Bài viết thật
-- ============================================================
INSERT INTO blog_posts (author_id, slug, title, excerpt, cover_image, content, tags, category, view_count, like_count, is_published, is_featured, published_at) VALUES
('a1111111-1111-1111-1111-111111111111', 'top-10-diem-check-in-dep-nhat-hue-2026', 'Top 10 Điểm Check-in Đẹp Nhất Huế 2026', 'Khám phá 10 điểm check-in đẹp nhất cố đô Huế, từ Đại Nội đến đồi Vọng Cảnh.', 'https://images.unsplash.com/photo-1559592413-7cec4d0cae2b?w=800', E'# Top 10 Điểm Check-in Đẹp Nhất Huế 2026\n\n## 1. Đại Nội\nKinh thành Huế, hoàng hôn tại Ngọ Môn là thời điểm đẹp nhất.\n\n## 2. Cầu Trường Tiền\nIcon của Huế, lung linh nhất vào buổi đêm với đèn LED đổi màu.\n\n## 3. Chùa Thiên Mụ\nNgôi chùa cổ 400 năm bên bờ sông Hương.\n\n## 4. Lăng Khải Định\nKiến trúc Đông-Tây kết hợp, mosaic tinh xảo.\n\n## 5. Đồi Vọng Cảnh\nNgắm toàn cảnh sông Hương từ trên cao.', ARRAY['check-in','huế','du lịch'], 'tips', 3250, 187, true, true, '2026-03-01 10:00:00+07'),
('a2222222-2222-2222-2222-222222222222', 'huong-dan-an-sap-hue-trong-24-gio', 'Hướng Dẫn Ăn Sập Huế Trong 24 Giờ', 'Lịch trình ăn uống chi tiết từ sáng đến tối, đảm bảo no đến tận cổ.', 'https://images.unsplash.com/photo-1555126634-323283e090fa?w=800', E'# Ăn Sập Huế Trong 24 Giờ 🍜\n\n## Sáng (6:00-8:00)\n- **Bún bò Huế** tại quán Bà Tuyết, 47 Phạm Hồng Thái\n- **Bánh canh cua** gần chợ An Cựu\n\n## Giữa sáng\n- **Bánh bèo, nậm, lọc** tại Huyền Anh\n- **Chè Huế** thập cẩm hẻm Hùng Vương\n\n## Trưa\n- **Cơm hến** Bà Mai, đường Chi Lăng\n\n## Chiều\n- **Nem lụi** cuốn bánh tráng tại chợ Đông Ba\n\n## Tối\n- **Ốc Huế** — ốc xào me, ốc nướng mỡ hành\n\n> 💡 Budget: ~300,000-500,000đ cho cả ngày!', ARRAY['ẩm thực','bún bò','street food'], 'food', 5340, 356, true, true, '2026-02-15 09:00:00+07'),
('a3333333-3333-3333-3333-333333333333', 'cam-nang-du-lich-hue-mua-he-2026', 'Cẩm Nang Du Lịch Huế Mùa Hè 2026', 'Tất cả những gì bạn cần biết để có chuyến đi Huế mùa hè hoàn hảo.', 'https://images.unsplash.com/photo-1583418855671-88c9c87efcf9?w=800', E'# Cẩm Nang Du Lịch Huế Mùa Hè 2026 ☀️\n\n## Thời tiết\nMùa hè Huế nóng (32-38°C). Đi sáng sớm hoặc chiều mát.\n\n## Lịch trình 3N2Đ\n### Ngày 1: Di sản\nĐại Nội → Lăng Khải Định → Thuyền Rồng\n\n### Ngày 2: Ẩm thực\nFood tour → Chùa Thiên Mụ → Kayak sông Hương\n\n### Ngày 3: Thiên nhiên\nBiển Thuận An → Làng hương Thủy Xuân\n\n## Chi phí: ~3,600,000đ/người', ARRAY['cẩm nang','mùa hè','budget'], 'guide', 2890, 142, true, false, '2026-03-10 08:00:00+07'),
('a4444444-4444-4444-4444-444444444444', 'nha-nhac-cung-dinh-hue-di-san-phi-vat-the', 'Nhã Nhạc Cung Đình Huế — Di Sản Phi Vật Thể UNESCO', 'Tìm hiểu về Nhã nhạc — âm nhạc cung đình được UNESCO công nhận.', 'https://images.unsplash.com/photo-1514320291840-2e0a9bf2a9ae?w=800', E'# Nhã Nhạc Cung Đình Huế\n\nNhã nhạc là loại hình âm nhạc cung đình Việt Nam, được UNESCO công nhận là Di sản Văn hóa Phi vật thể năm 2003.\n\n## Lịch sử\nHình thành từ thế kỷ 15, phát triển rực rỡ dưới triều Nguyễn.\n\n## Nhạc cụ\nĐàn nguyệt, đàn tranh, sáo trúc, trống...\n\n## Trải nghiệm\nBạn có thể thưởng thức Nhã nhạc trên thuyền Rồng sông Hương.', ARRAY['nhã nhạc','UNESCO','văn hóa'], 'culture', 1560, 98, true, false, '2026-03-05 14:00:00+07');

-- ============================================================
-- 8. EVENTS — Sự kiện Huế thật
-- ============================================================
INSERT INTO local_events (title, description, category, location_name, lat, lng, cover_image, organizer, is_free, price, starts_at, ends_at) VALUES
('Festival Huế 2026', 'Lễ hội Festival Huế — Di sản văn hóa, âm nhạc, nghệ thuật đường phố, trình diễn áo dài, ẩm thực. Sự kiện lớn nhất Huế 2 năm 1 lần.', 'festival', 'Đại Nội Huế', 16.4698, 107.5789, 'https://images.unsplash.com/photo-1559592413-7cec4d0cae2b?w=800', 'UBND tỉnh Thừa Thiên Huế', true, 0, NOW() + INTERVAL '30 days', NOW() + INTERVAL '37 days'),
('Chợ Đêm Phố Cổ Bao Vinh', 'Chợ đêm ẩm thực và thủ công mỹ nghệ tại phố cổ Bao Vinh. Hơn 50 gian hàng đặc sản Huế.', 'market', 'Phố cổ Bao Vinh', 16.4780, 107.5920, NULL, 'Phường Bao Vinh', true, 0, NOW() + INTERVAL '4 days', NOW() + INTERVAL '4 days' + INTERVAL '6 hours'),
('Đêm Nhạc Jazz Sông Hương', 'Biểu diễn nhạc Jazz trên thuyền Rồng. Nghệ sĩ Việt Nam và quốc tế biểu diễn sống.', 'concert', 'Bến thuyền Tòa Khâm', 16.4620, 107.5850, NULL, 'Huế Music Club', false, 200000, NOW() + INTERVAL '9 days', NOW() + INTERVAL '9 days' + INTERVAL '3 hours'),
('Triển Lãm Mỹ Thuật Huế', 'Triển lãm tranh và điêu khắc nghệ nhân Huế. 50+ tác phẩm đương đại và truyền thống.', 'exhibition', 'Trung tâm Nghệ thuật Lê Bá Đảng', 16.4650, 107.5800, NULL, 'Hội Mỹ thuật Huế', true, 0, NOW() + INTERVAL '15 days', NOW() + INTERVAL '45 days'),
('Workshop Làm Bánh Huế', 'Học làm bánh lọc, bánh nậm, bánh bèo từ nghệ nhân làng. Trải nghiệm ẩm thực truyền thống.', 'workshop', 'Nhà vườn Kim Long', 16.4550, 107.5700, NULL, 'Hội Nấu ăn Huế', false, 150000, NOW() + INTERVAL '6 days', NOW() + INTERVAL '6 days' + INTERVAL '3 hours'),
('Giải Chạy Marathon Huế 2026', 'Marathon quốc tế chạy dọc sông Hương và qua các di tích Huế. Cự ly 5K, 10K, 21K, 42K.', 'sport', 'Cầu Trường Tiền', 16.4650, 107.5870, NULL, 'Sở VHTT TT-Huế', false, 300000, NOW() + INTERVAL '60 days', NOW() + INTERVAL '60 days' + INTERVAL '7 hours');

-- ============================================================
-- 9. STORIES — Feed mẫu
-- ============================================================
INSERT INTO stories (author_id, content, media_urls, media_type, location_name, lat, lng, like_count, comment_count) VALUES
('b1111111-1111-1111-1111-111111111111', 'Đi food tour Huế với chị Lan, ăn 8 món no căng bụng! Bún bò Bà Tuyết và chè Huế là top 1 🍜❤️ #huetravel #foodtour', ARRAY['https://images.unsplash.com/photo-1555126634-323283e090fa?w=800'], 'image', 'Chợ Đông Ba, Huế', 16.4697, 107.5927, 45, 8),
('b2222222-2222-2222-2222-222222222222', 'Hoàng hôn sông Hương từ Đồi Vọng Cảnh. Huế đẹp quá! 🌅 #sunset #hue #vietnam', ARRAY['https://images.unsplash.com/photo-1472745433479-4556f22e32c2?w=800'], 'image', 'Đồi Vọng Cảnh, Huế', 16.4380, 107.5670, 67, 12),
('b3333333-3333-3333-3333-333333333333', 'Lần đầu nghe Nhã nhạc cung đình trên thuyền Rồng 🎶🚣 Cảm giác như quay về thời Nguyễn #nhanhachu #unesco', ARRAY['https://images.unsplash.com/photo-1514320291840-2e0a9bf2a9ae?w=800'], 'image', 'Sông Hương, Huế', 16.4612, 107.5869, 89, 15),
('b1111111-1111-1111-1111-111111111111', 'Trekking Bạch Mã mệt nhưng đáng, thác Đỗ Quyên hùng vĩ quá! 🌿⛰️ #bachma #trekking', ARRAY['https://images.unsplash.com/photo-1551632811-561732d1e306?w=800'], 'image', 'VQG Bạch Mã', 16.2020, 107.8543, 34, 5),
('b3333333-3333-3333-3333-333333333333', 'Mặc áo dài chụp ảnh Đại Nội sáng nay, nhiếp ảnh gia quá pro! 📸✨ Ảnh nào cũng đẹp #aodai #dainoi', ARRAY['https://images.unsplash.com/photo-1559592413-7cec4d0cae2b?w=800'], 'image', 'Đại Nội Huế', 16.4698, 107.5789, 112, 23);

-- ============================================================
-- 10. ACHIEVEMENTS
-- ============================================================
INSERT INTO achievements (slug, title, description, icon, category, xp_reward, requirement_type, requirement_count) VALUES
('first_booking', 'Chuyến đầu tiên', 'Hoàn thành booking đầu tiên', '🎒', 'general', 100, 'bookings_completed', 1),
('explorer_5', 'Nhà thám hiểm', 'Đặt 5 trải nghiệm khác nhau', '🧭', 'explorer', 200, 'bookings_completed', 5),
('explorer_10', 'Lữ khách Huế', 'Đặt 10 trải nghiệm', '🗺️', 'explorer', 500, 'bookings_completed', 10),
('first_review', 'Nhà phê bình', 'Viết đánh giá đầu tiên', '✍️', 'reviewer', 50, 'reviews_written', 1),
('reviewer_5', 'Reviewer chuyên nghiệp', 'Viết 5 đánh giá', '⭐', 'reviewer', 200, 'reviews_written', 5),
('social_butterfly', 'Bướm xã hội', 'Có 10 bạn bè', '🦋', 'social', 150, 'friends_count', 10),
('foodie', 'Sành ăn Huế', 'Book 3 food tour', '🍜', 'foodie', 200, 'food_tours', 3),
('checkin_5', 'Thợ check-in', 'Check-in 5 địa điểm', '📍', 'explorer', 100, 'checkins', 5),
('checkin_20', 'Selfie Master', 'Check-in 20 địa điểm', '📸', 'explorer', 300, 'checkins', 20),
('first_trip_plan', 'Kiến trúc sư hành trình', 'Dùng AI lập kế hoạch đầu tiên', '🤖', 'general', 50, 'ai_plans', 1),
('trip_creator', 'Người dẫn đường', 'Tạo chuyến đi nhóm đầu tiên', '🚀', 'social', 100, 'trips_created', 1),
('level_5', 'Lên level 5', 'Đạt level 5 trong gamification', '🔥', 'general', 100, 'level_reached', 5);

-- ============================================================
-- 11. PROMOTIONS — Mã giảm giá
-- ============================================================
INSERT INTO promotions (code, title, description, discount_type, discount_value, min_order, max_discount, usage_limit, is_active, is_flash_sale, starts_at, expires_at) VALUES
('WELCOME2026', 'Chào mừng khách mới', 'Giảm 20% cho đơn đầu tiên', 'percent', 20, 200000, 100000, 1000, true, false, '2026-01-01 00:00:00+07', '2026-12-31 23:59:59+07'),
('HUEFEST26', 'Festival Huế 2026', 'Giảm 15% nhân dịp Festival Huế', 'percent', 15, 300000, 80000, 500, true, false, '2026-04-10 00:00:00+07', '2026-04-25 23:59:59+07'),
('FLASHFOOD', 'Flash Sale Ẩm Thực', 'Giảm 50K cho Food Tour', 'fixed', 50000, 300000, NULL, 100, true, true, '2026-03-15 12:00:00+07', '2026-03-20 23:59:59+07'),
('SUMMER26', 'Hè sôi động', 'Giảm 10% mùa hè trên tất cả trải nghiệm', 'percent', 10, 200000, 60000, 2000, true, false, '2026-05-01 00:00:00+07', '2026-08-31 23:59:59+07');

-- ============================================================
-- Done!
-- ============================================================
SELECT 'Seed hoàn tất! Dữ liệu Huế thực tế đã sẵn sàng.' AS status;
